2025-03-15 15:37:00,drowsy_2025-03-15 15-37-00.png
2025-03-15 15:37:03,drowsy_2025-03-15 15-37-03.png
2025-03-15 15:37:17,drowsy_2025-03-15 15-37-17.png
2025-03-15 15:37:22,drowsy_2025-03-15 15-37-22.png
2025-03-15 15:39:24,drowsy_2025-03-15 15-39-24.png
2025-03-15 15:42:17,drowsy_2025-03-15 15-42-17.png
2025-03-15 15:42:29,drowsy_2025-03-15 15-42-29.png
2025-03-18 19:26:19,drowsy_2025-03-18 19-26-19.png
2025-03-18 19:28:36,drowsy_2025-03-18 19-28-36.png
2025-03-18 19:50:07,drowsy_2025-03-18 19-50-07.png
2025-03-18 19:59:42,drowsy_2025-03-18 19-59-42.png
2025-03-18 20:00:30,drowsy_2025-03-18 20-00-30.png
2025-03-18 20:01:00,drowsy_2025-03-18 20-01-00.png
2025-03-19 00:12:08,drowsy_2025-03-19 00-12-08.png
2025-03-19 00:13:15,drowsy_2025-03-19 00-13-15.png
2025-03-19 00:13:58,drowsy_2025-03-19 00-13-58.png
2025-03-19 00:18:36,drowsy_2025-03-19 00-18-36.png
2025-03-19 00:18:41,drowsy_2025-03-19 00-18-41.png
2025-03-19 00:18:57,drowsy_2025-03-19 00-18-57.png
2025-03-19 00:19:30,drowsy_2025-03-19 00-19-30.png
2025-03-19 00:19:33,drowsy_2025-03-19 00-19-33.png
2025-03-19 00:19:46,drowsy_2025-03-19 00-19-46.png
2025-03-19 00:19:50,drowsy_2025-03-19 00-19-50.png
2025-03-19 11:10:42,drowsy_2025-03-19 11-10-42.png
2025-03-19 11:10:48,drowsy_2025-03-19 11-10-48.png
2025-03-19 14:55:58,drowsy_2025-03-19 14-55-58.png
2025-03-19 15:01:00,drowsy_2025-03-19 15-01-00.png
2025-03-19 15:01:04,drowsy_2025-03-19 15-01-04.png
2025-05-23 11:29:11,drowsy_2025-05-23 11-29-11.png
2025-05-23 11:29:22,drowsy_2025-05-23 11-29-22.png
2025-05-23 11:29:28,drowsy_2025-05-23 11-29-28.png
2025-05-23 11:34:46,drowsy_2025-05-23 11-34-46.png
2025-05-23 11:38:19,drowsy_2025-05-23 11-38-19.png
2025-05-23 11:38:25,drowsy_2025-05-23 11-38-25.png
2025-05-23 11:38:28,drowsy_2025-05-23 11-38-28.png
2025-05-23 12:46:03,drowsy_2025-05-23 12-46-03.png
2025-05-23 12:46:25,drowsy_2025-05-23 12-46-25.png
2025-05-23 12:46:31,drowsy_2025-05-23 12-46-31.png
